Process ID,Process Name,User ID,Computing Node ID,UL Latency,Backhaul Latency,Processing Latency
76,SIMPLE_RAN_APP_23,23,13,1202.0473769863002,0,7.6000000000002785
80,SIMPLE_RAN_APP_25,25,10,2149.8548975360454,0,9.600000000000307
77,SIMPLE_RAN_APP_23,23,84,1202.0473769863002,0,10.000000000000313
81,SIMPLE_RAN_APP_25,25,90,2149.8548975360454,0,10.000000000000313
32,SIMPLE_RAN_APP_1,1,11,2166.6120805501087,0,10.000000000000313
60,SIMPLE_RAN_APP_15,15,10,474.5955762161554,0,10.400000000000318
52,SIMPLE_RAN_APP_11,11,11,1111.259777623107,0,10.600000000000321
84,SIMPLE_RAN_APP_27,27,12,1050.9407972739073,0,11.000000000000327
44,SIMPLE_RAN_APP_7,7,12,975.0218979632399,0,11.20000000000033
36,SIMPLE_RAN_APP_3,3,13,1500.9376355655534,0,11.600000000000335
54,SIMPLE_RAN_APP_12,12,12,1362.47705678345,0,12.000000000000341
40,SIMPLE_RAN_APP_5,5,10,544.8759007307565,0,12.000000000000341
48,SIMPLE_RAN_APP_9,9,14,777.1099508179574,0,12.800000000000352
46,SIMPLE_RAN_APP_8,8,13,1942.3448591931353,0,13.800000000000367
88,SIMPLE_RAN_APP_29,29,14,829.5421172502172,0,13.800000000000367
33,SIMPLE_RAN_APP_1,1,18,2166.6120805501087,0,14.00000000000037
37,SIMPLE_RAN_APP_3,3,24,1500.9376355655534,0,14.00000000000037
41,SIMPLE_RAN_APP_5,5,30,544.8759007307565,0,14.00000000000037
45,SIMPLE_RAN_APP_7,7,36,975.0218979632399,0,14.00000000000037
47,SIMPLE_RAN_APP_8,8,39,1942.3448591931353,0,14.00000000000037
49,SIMPLE_RAN_APP_9,9,42,777.1099508179574,0,14.00000000000037
53,SIMPLE_RAN_APP_11,11,48,1111.259777623107,0,14.00000000000037
55,SIMPLE_RAN_APP_12,12,51,1362.47705678345,0,14.00000000000037
61,SIMPLE_RAN_APP_15,15,60,474.5955762161554,0,14.00000000000037
85,SIMPLE_RAN_APP_27,27,96,1050.9407972739073,0,14.00000000000037
89,SIMPLE_RAN_APP_29,29,102,829.5421172502172,0,14.00000000000037
62,SIMPLE_RAN_APP_16,16,11,2763.3539937106625,0,14.80000000000038
50,SIMPLE_RAN_APP_10,10,10,2107.8431507018386,0,14.80000000000038
58,SIMPLE_RAN_APP_14,14,14,4380.206181544956,0,15.600000000000392
70,SIMPLE_RAN_APP_20,20,10,3142.039906635977,0,15.800000000000395
66,SIMPLE_RAN_APP_18,18,13,3410.1720997102066,0.0,16.600000000000406
42,SIMPLE_RAN_APP_6,6,11,2242.9141223942756,0,16.80000000000041
34,SIMPLE_RAN_APP_2,2,12,2371.5312071052304,0,17.800000000000423
68,SIMPLE_RAN_APP_19,19,14,2497.8916049183526,0,17.800000000000423
35,SIMPLE_RAN_APP_2,2,21,2371.5312071052304,0,18.000000000000426
43,SIMPLE_RAN_APP_6,6,33,2242.9141223942756,0,18.000000000000426
51,SIMPLE_RAN_APP_10,10,45,2107.8431507018386,0,18.000000000000426
59,SIMPLE_RAN_APP_14,14,57,4380.206181544956,0,18.000000000000426
63,SIMPLE_RAN_APP_16,16,63,2763.3539937106625,0,18.000000000000426
67,SIMPLE_RAN_APP_18,18,69,3410.1720997102066,0.0,18.000000000000426
69,SIMPLE_RAN_APP_19,19,72,2497.8916049183526,0,18.000000000000426
71,SIMPLE_RAN_APP_20,20,75,3142.039906635977,0,18.000000000000426
56,SIMPLE_RAN_APP_13,13,13,2311.933234682206,0,20.40000000000046
57,SIMPLE_RAN_APP_13,13,54,2311.933234682206,0,22.000000000000483
76,SIMPLE_RAN_APP_23,23,13,1202.0473769863002,0.0,7.600000000000989
77,SIMPLE_RAN_APP_23,23,84,1202.0473769863002,0.0,8.000000000000995
80,SIMPLE_RAN_APP_25,25,10,2149.8548975360454,0,9.600000000001017
32,SIMPLE_RAN_APP_1,1,11,2166.6120805501087,0,10.000000000001023
60,SIMPLE_RAN_APP_15,15,10,474.5955762161554,0,10.400000000001029
52,SIMPLE_RAN_APP_11,11,11,1111.259777623107,0,10.600000000001032
84,SIMPLE_RAN_APP_27,27,12,1050.9407972739073,0,11.000000000001037
44,SIMPLE_RAN_APP_7,7,12,975.0218979632399,0,11.20000000000104
36,SIMPLE_RAN_APP_3,3,13,1500.9376355655534,0,11.600000000001046
33,SIMPLE_RAN_APP_1,1,18,2166.6120805501087,0,12.000000000001052
37,SIMPLE_RAN_APP_3,3,24,1500.9376355655534,0,12.000000000001052
45,SIMPLE_RAN_APP_7,7,36,975.0218979632399,0,12.000000000001052
53,SIMPLE_RAN_APP_11,11,48,1111.259777623107,0,12.000000000001052
61,SIMPLE_RAN_APP_15,15,60,474.5955762161554,0,12.000000000001052
81,SIMPLE_RAN_APP_25,25,90,2149.8548975360454,0,12.000000000001052
85,SIMPLE_RAN_APP_27,27,96,1050.9407972739073,0,12.000000000001052
54,SIMPLE_RAN_APP_12,12,12,1362.47705678345,0,12.000000000001052
40,SIMPLE_RAN_APP_5,5,10,544.8759007307565,0,12.000000000001052
48,SIMPLE_RAN_APP_9,9,14,777.1099508179574,0,12.800000000001063
46,SIMPLE_RAN_APP_8,8,13,1942.3448591931353,0,13.800000000001077
88,SIMPLE_RAN_APP_29,29,14,829.5421172502172,0,13.800000000001077
62,SIMPLE_RAN_APP_16,16,11,2763.3539937106625,0,14.800000000001091
50,SIMPLE_RAN_APP_10,10,10,2107.8431507018386,0,14.800000000001091
58,SIMPLE_RAN_APP_14,14,14,4380.206181544956,0,15.600000000001103
70,SIMPLE_RAN_APP_20,20,10,3142.039906635977,0,15.800000000001106
41,SIMPLE_RAN_APP_5,5,30,544.8759007307565,0,16.00000000000111
47,SIMPLE_RAN_APP_8,8,39,1942.3448591931353,0,16.00000000000111
51,SIMPLE_RAN_APP_10,10,45,2107.8431507018386,0,16.00000000000111
55,SIMPLE_RAN_APP_12,12,51,1362.47705678345,0,16.00000000000111
59,SIMPLE_RAN_APP_14,14,57,4380.206181544956,0,16.00000000000111
63,SIMPLE_RAN_APP_16,16,63,2763.3539937106625,0,16.00000000000111
71,SIMPLE_RAN_APP_20,20,75,3142.039906635977,0,16.00000000000111
89,SIMPLE_RAN_APP_29,29,102,829.5421172502172,0,16.00000000000111
66,SIMPLE_RAN_APP_18,18,13,3410.1720997102066,0,16.600000000001117
42,SIMPLE_RAN_APP_6,6,11,2242.9141223942756,0,16.80000000000112
34,SIMPLE_RAN_APP_2,2,12,2371.5312071052304,0,17.800000000001134
68,SIMPLE_RAN_APP_19,19,14,2497.8916049183526,0,17.800000000001134
35,SIMPLE_RAN_APP_2,2,21,2371.5312071052304,0,20.000000000001165
43,SIMPLE_RAN_APP_6,6,33,2242.9141223942756,0,20.000000000001165
49,SIMPLE_RAN_APP_9,9,42,777.1099508179574,0,20.000000000001165
67,SIMPLE_RAN_APP_18,18,69,3410.1720997102066,0,20.000000000001165
69,SIMPLE_RAN_APP_19,19,72,2497.8916049183526,0,20.000000000001165
56,SIMPLE_RAN_APP_13,13,13,2311.933234682206,0,20.40000000000117
57,SIMPLE_RAN_APP_13,13,54,2311.933234682206,0,24.000000000001222
76,SIMPLE_RAN_APP_23,23,13,1202.0473769863002,0,7.599999999999596
80,SIMPLE_RAN_APP_25,25,10,2149.8548975360454,0,9.599999999999483
32,SIMPLE_RAN_APP_1,1,11,2166.6120805501087,0,9.99999999999946
77,SIMPLE_RAN_APP_23,23,84,1202.0473769863002,0,10.199999999999449
81,SIMPLE_RAN_APP_25,25,90,2149.8548975360454,0,10.199999999999449
60,SIMPLE_RAN_APP_15,15,10,474.5955762161554,0,10.399999999999437
52,SIMPLE_RAN_APP_11,11,11,1111.259777623107,0,10.599999999999426
84,SIMPLE_RAN_APP_27,27,12,1050.9407972739073,0,10.999999999999403
44,SIMPLE_RAN_APP_7,7,12,975.0218979632399,0,11.199999999999392
36,SIMPLE_RAN_APP_3,3,13,1500.9376355655534,0,11.599999999999369
54,SIMPLE_RAN_APP_12,12,12,1362.47705678345,0,11.999999999999346
40,SIMPLE_RAN_APP_5,5,10,544.8759007307565,0,11.999999999999346
48,SIMPLE_RAN_APP_9,9,14,777.1099508179574,0,12.7999999999993
46,SIMPLE_RAN_APP_8,8,13,1942.3448591931353,0,13.799999999999244
88,SIMPLE_RAN_APP_29,29,14,829.5421172502172,0,13.799999999999244
33,SIMPLE_RAN_APP_1,1,18,2166.6120805501087,0,14.199999999999221
37,SIMPLE_RAN_APP_3,3,24,1500.9376355655534,0,14.199999999999221
41,SIMPLE_RAN_APP_5,5,30,544.8759007307565,0,14.199999999999221
45,SIMPLE_RAN_APP_7,7,36,975.0218979632399,0,14.199999999999221
47,SIMPLE_RAN_APP_8,8,39,1942.3448591931353,0,14.199999999999221
49,SIMPLE_RAN_APP_9,9,42,777.1099508179574,0,14.199999999999221
53,SIMPLE_RAN_APP_11,11,48,1111.259777623107,0,14.199999999999221
55,SIMPLE_RAN_APP_12,12,51,1362.47705678345,0,14.199999999999221
61,SIMPLE_RAN_APP_15,15,60,474.5955762161554,0,14.199999999999221
85,SIMPLE_RAN_APP_27,27,96,1050.9407972739073,0,14.199999999999221
89,SIMPLE_RAN_APP_29,29,102,829.5421172502172,0,14.199999999999221
62,SIMPLE_RAN_APP_16,16,11,2763.3539937106625,0,14.799999999999187
50,SIMPLE_RAN_APP_10,10,10,2107.8431507018386,0,14.799999999999187
58,SIMPLE_RAN_APP_14,14,14,4380.206181544956,0,15.599999999999142
70,SIMPLE_RAN_APP_20,20,10,3142.039906635977,0,15.79999999999913
66,SIMPLE_RAN_APP_18,18,13,3410.1720997102066,0,16.599999999999085
42,SIMPLE_RAN_APP_6,6,11,2242.9141223942756,0,16.799999999999073
34,SIMPLE_RAN_APP_2,2,12,2371.5312071052304,0,17.799999999999017
68,SIMPLE_RAN_APP_19,19,14,2497.8916049183526,0,17.799999999999017
35,SIMPLE_RAN_APP_2,2,21,2371.5312071052304,0,18.199999999998994
51,SIMPLE_RAN_APP_10,10,45,2107.8431507018386,0,18.199999999998994
59,SIMPLE_RAN_APP_14,14,57,4380.206181544956,0,18.199999999998994
63,SIMPLE_RAN_APP_16,16,63,2763.3539937106625,0,18.199999999998994
67,SIMPLE_RAN_APP_18,18,69,3410.1720997102066,0,18.199999999998994
69,SIMPLE_RAN_APP_19,19,72,2497.8916049183526,0,18.199999999998994
71,SIMPLE_RAN_APP_20,20,75,3142.039906635977,0,18.199999999998994
56,SIMPLE_RAN_APP_13,13,13,2311.933234682206,0.0,20.39999999999887
43,SIMPLE_RAN_APP_6,6,33,2242.9141223942756,0,22.199999999998766
57,SIMPLE_RAN_APP_13,13,54,2311.933234682206,0.0,22.199999999998766
76,SIMPLE_RAN_APP_23,23,13,1202.0473769863002,0,7.799999999996743
77,SIMPLE_RAN_APP_23,23,84,1202.0473769863002,0,8.19999999999672
80,SIMPLE_RAN_APP_25,25,10,2149.8548975360454,0,9.79999999999663
32,SIMPLE_RAN_APP_1,1,11,2166.6120805501087,0,10.199999999996606
60,SIMPLE_RAN_APP_15,15,10,474.5955762161554,0,10.599999999996584
52,SIMPLE_RAN_APP_11,11,11,1111.259777623107,0,10.799999999996572
84,SIMPLE_RAN_APP_27,27,12,1050.9407972739073,0,11.19999999999655
44,SIMPLE_RAN_APP_7,7,12,975.0218979632399,0,11.399999999996538
36,SIMPLE_RAN_APP_3,3,13,1500.9376355655534,0,11.799999999996515
33,SIMPLE_RAN_APP_1,1,18,2166.6120805501087,0,12.199999999996493
37,SIMPLE_RAN_APP_3,3,24,1500.9376355655534,0,12.199999999996493
45,SIMPLE_RAN_APP_7,7,36,975.0218979632399,0,12.199999999996493
53,SIMPLE_RAN_APP_11,11,48,1111.259777623107,0,12.199999999996493
81,SIMPLE_RAN_APP_25,25,90,2149.8548975360454,0,12.199999999996493
85,SIMPLE_RAN_APP_27,27,96,1050.9407972739073,0,12.199999999996493
54,SIMPLE_RAN_APP_12,12,12,1362.47705678345,0,12.199999999996493
40,SIMPLE_RAN_APP_5,5,10,544.8759007307565,0,12.199999999996493
48,SIMPLE_RAN_APP_9,9,14,777.1099508179574,0,12.999999999996447
46,SIMPLE_RAN_APP_8,8,13,1942.3448591931353,0,13.99999999999639
88,SIMPLE_RAN_APP_29,29,14,829.5421172502172,0,13.99999999999639
62,SIMPLE_RAN_APP_16,16,11,2763.3539937106625,0,14.999999999996334
50,SIMPLE_RAN_APP_10,10,10,2107.8431507018386,0,14.999999999996334
58,SIMPLE_RAN_APP_14,14,14,4380.206181544956,0,15.799999999996288
70,SIMPLE_RAN_APP_20,20,10,3142.039906635977,0,15.999999999996277
41,SIMPLE_RAN_APP_5,5,30,544.8759007307565,0,16.199999999996265
47,SIMPLE_RAN_APP_8,8,39,1942.3448591931353,0,16.199999999996265
49,SIMPLE_RAN_APP_9,9,42,777.1099508179574,0,16.199999999996265
51,SIMPLE_RAN_APP_10,10,45,2107.8431507018386,0,16.199999999996265
55,SIMPLE_RAN_APP_12,12,51,1362.47705678345,0,16.199999999996265
61,SIMPLE_RAN_APP_15,15,60,474.5955762161554,0,16.199999999996265
63,SIMPLE_RAN_APP_16,16,63,2763.3539937106625,0,16.199999999996265
89,SIMPLE_RAN_APP_29,29,102,829.5421172502172,0,16.199999999996265
66,SIMPLE_RAN_APP_18,18,13,3410.1720997102066,0,16.79999999999623
42,SIMPLE_RAN_APP_6,6,11,2242.9141223942756,0,16.99999999999622
34,SIMPLE_RAN_APP_2,2,12,2371.5312071052304,0,17.999999999996163
68,SIMPLE_RAN_APP_19,19,14,2497.8916049183526,0,17.999999999996163
35,SIMPLE_RAN_APP_2,2,21,2371.5312071052304,0,20.199999999996038
43,SIMPLE_RAN_APP_6,6,33,2242.9141223942756,0,20.199999999996038
67,SIMPLE_RAN_APP_18,18,69,3410.1720997102066,0,20.199999999996038
69,SIMPLE_RAN_APP_19,19,72,2497.8916049183526,0,20.199999999996038
71,SIMPLE_RAN_APP_20,20,75,3142.039906635977,0,20.199999999996038
56,SIMPLE_RAN_APP_13,13,13,2311.933234682206,0,20.599999999996015
57,SIMPLE_RAN_APP_13,13,54,2311.933234682206,0,24.19999999999581
59,SIMPLE_RAN_APP_14,14,57,4380.206181544956,0,24.19999999999581
76,SIMPLE_RAN_APP_23,23,13,1202.0473769863002,0,7.799999999993929
80,SIMPLE_RAN_APP_25,25,10,2149.8548975360454,0,9.799999999993815
77,SIMPLE_RAN_APP_23,23,84,1202.0473769863002,0,10.199999999993793
81,SIMPLE_RAN_APP_25,25,90,2149.8548975360454,0,10.199999999993793
32,SIMPLE_RAN_APP_1,1,11,2166.6120805501087,0,10.199999999993793
60,SIMPLE_RAN_APP_15,15,10,474.5955762161554,0,10.59999999999377
52,SIMPLE_RAN_APP_11,11,11,1111.259777623107,0,10.799999999993759
84,SIMPLE_RAN_APP_27,27,12,1050.9407972739073,0,11.199999999993736
44,SIMPLE_RAN_APP_7,7,12,975.0218979632399,0,11.399999999993724
36,SIMPLE_RAN_APP_3,3,13,1500.9376355655534,0,11.799999999993702
54,SIMPLE_RAN_APP_12,12,12,1362.47705678345,0,12.199999999993679
40,SIMPLE_RAN_APP_5,5,10,544.8759007307565,0,12.199999999993679
48,SIMPLE_RAN_APP_9,9,14,777.1099508179574,0,12.999999999993634
46,SIMPLE_RAN_APP_8,8,13,1942.3448591931353,0,13.999999999993577
88,SIMPLE_RAN_APP_29,29,14,829.5421172502172,0,13.999999999993577
33,SIMPLE_RAN_APP_1,1,18,2166.6120805501087,0,14.199999999993565
37,SIMPLE_RAN_APP_3,3,24,1500.9376355655534,0,14.199999999993565
41,SIMPLE_RAN_APP_5,5,30,544.8759007307565,0,14.199999999993565
45,SIMPLE_RAN_APP_7,7,36,975.0218979632399,0,14.199999999993565
49,SIMPLE_RAN_APP_9,9,42,777.1099508179574,0,14.199999999993565
53,SIMPLE_RAN_APP_11,11,48,1111.259777623107,0,14.199999999993565
55,SIMPLE_RAN_APP_12,12,51,1362.47705678345,0,14.199999999993565
61,SIMPLE_RAN_APP_15,15,60,474.5955762161554,0,14.199999999993565
85,SIMPLE_RAN_APP_27,27,96,1050.9407972739073,0,14.199999999993565
62,SIMPLE_RAN_APP_16,16,11,2763.3539937106625,0,14.99999999999352
50,SIMPLE_RAN_APP_10,10,10,2107.8431507018386,0,14.99999999999352
58,SIMPLE_RAN_APP_14,14,14,4380.206181544956,0,15.799999999993474
70,SIMPLE_RAN_APP_20,20,10,3142.039906635977,0,15.999999999993463
66,SIMPLE_RAN_APP_18,18,13,3410.1720997102066,0,16.799999999993418
42,SIMPLE_RAN_APP_6,6,11,2242.9141223942756,0,16.999999999993406
34,SIMPLE_RAN_APP_2,2,12,2371.5312071052304,0,17.99999999999335
68,SIMPLE_RAN_APP_19,19,14,2497.8916049183526,0,17.99999999999335
43,SIMPLE_RAN_APP_6,6,33,2242.9141223942756,0,18.199999999993338
47,SIMPLE_RAN_APP_8,8,39,1942.3448591931353,0,18.199999999993338
51,SIMPLE_RAN_APP_10,10,45,2107.8431507018386,0,18.199999999993338
59,SIMPLE_RAN_APP_14,14,57,4380.206181544956,0,18.199999999993338
63,SIMPLE_RAN_APP_16,16,63,2763.3539937106625,0,18.199999999993338
67,SIMPLE_RAN_APP_18,18,69,3410.1720997102066,0,18.199999999993338
71,SIMPLE_RAN_APP_20,20,75,3142.039906635977,0,18.199999999993338
89,SIMPLE_RAN_APP_29,29,102,829.5421172502172,0,18.199999999993338
56,SIMPLE_RAN_APP_13,13,13,2311.933234682206,0,20.5999999999932
35,SIMPLE_RAN_APP_2,2,21,2371.5312071052304,0,22.19999999999311
57,SIMPLE_RAN_APP_13,13,54,2311.933234682206,0,22.19999999999311
69,SIMPLE_RAN_APP_19,19,72,2497.8916049183526,0,22.19999999999311
76,SIMPLE_RAN_APP_23,23,13,1202.0473769863002,0,7.799999999991087
77,SIMPLE_RAN_APP_23,23,84,1202.0473769863002,0,8.199999999991064
80,SIMPLE_RAN_APP_25,25,10,2149.8548975360454,0,9.799999999990973
32,SIMPLE_RAN_APP_1,1,11,2166.6120805501087,0,10.19999999999095
60,SIMPLE_RAN_APP_15,15,10,474.5955762161554,0,10.599999999990928
52,SIMPLE_RAN_APP_11,11,11,1111.259777623107,0,10.799999999990916
84,SIMPLE_RAN_APP_27,27,12,1050.9407972739073,0,11.199999999990894
44,SIMPLE_RAN_APP_7,7,12,975.0218979632399,0,11.399999999990882
36,SIMPLE_RAN_APP_3,3,13,1500.9376355655534,0,11.79999999999086
33,SIMPLE_RAN_APP_1,1,18,2166.6120805501087,0,12.199999999990837
37,SIMPLE_RAN_APP_3,3,24,1500.9376355655534,0,12.199999999990837
45,SIMPLE_RAN_APP_7,7,36,975.0218979632399,0,12.199999999990837
53,SIMPLE_RAN_APP_11,11,48,1111.259777623107,0,12.199999999990837
61,SIMPLE_RAN_APP_15,15,60,474.5955762161554,0,12.199999999990837
81,SIMPLE_RAN_APP_25,25,90,2149.8548975360454,0,12.199999999990837
54,SIMPLE_RAN_APP_12,12,12,1362.47705678345,0,12.199999999990837
40,SIMPLE_RAN_APP_5,5,10,544.8759007307565,0,12.199999999990837
48,SIMPLE_RAN_APP_9,9,14,777.1099508179574,0,12.999999999990791
46,SIMPLE_RAN_APP_8,8,13,1942.3448591931353,0.0,13.999999999990735
88,SIMPLE_RAN_APP_29,29,14,829.5421172502172,0,13.999999999990735
62,SIMPLE_RAN_APP_16,16,11,2763.3539937106625,0,14.999999999990678
50,SIMPLE_RAN_APP_10,10,10,2107.8431507018386,0,14.999999999990678
58,SIMPLE_RAN_APP_14,14,14,4380.206181544956,0,15.799999999990632
70,SIMPLE_RAN_APP_20,20,10,3142.039906635977,0,15.99999999999062
47,SIMPLE_RAN_APP_8,8,39,1942.3448591931353,0.0,16.19999999999061
49,SIMPLE_RAN_APP_9,9,42,777.1099508179574,0,16.19999999999061
51,SIMPLE_RAN_APP_10,10,45,2107.8431507018386,0,16.19999999999061
55,SIMPLE_RAN_APP_12,12,51,1362.47705678345,0,16.19999999999061
59,SIMPLE_RAN_APP_14,14,57,4380.206181544956,0,16.19999999999061
63,SIMPLE_RAN_APP_16,16,63,2763.3539937106625,0,16.19999999999061
85,SIMPLE_RAN_APP_27,27,96,1050.9407972739073,0,16.19999999999061
89,SIMPLE_RAN_APP_29,29,102,829.5421172502172,0,16.19999999999061
66,SIMPLE_RAN_APP_18,18,13,3410.1720997102066,0,16.799999999990575
42,SIMPLE_RAN_APP_6,6,11,2242.9141223942756,0,16.999999999990564
34,SIMPLE_RAN_APP_2,2,12,2371.5312071052304,0,17.999999999990507
68,SIMPLE_RAN_APP_19,19,14,2497.8916049183526,0,17.999999999990507
35,SIMPLE_RAN_APP_2,2,21,2371.5312071052304,0,20.199999999990382
41,SIMPLE_RAN_APP_5,5,30,544.8759007307565,0,20.199999999990382
43,SIMPLE_RAN_APP_6,6,33,2242.9141223942756,0,20.199999999990382
67,SIMPLE_RAN_APP_18,18,69,3410.1720997102066,0,20.199999999990382
69,SIMPLE_RAN_APP_19,19,72,2497.8916049183526,0,20.199999999990382
71,SIMPLE_RAN_APP_20,20,75,3142.039906635977,0,20.199999999990382
56,SIMPLE_RAN_APP_13,13,13,2311.933234682206,0,20.59999999999036
57,SIMPLE_RAN_APP_13,13,54,2311.933234682206,0,24.199999999990155
76,SIMPLE_RAN_APP_23,23,13,1202.0473769863002,0.0,7.799999999988245
80,SIMPLE_RAN_APP_25,25,10,2149.8548975360454,0,9.799999999988131
77,SIMPLE_RAN_APP_23,23,84,1202.0473769863002,0.0,10.199999999988108
81,SIMPLE_RAN_APP_25,25,90,2149.8548975360454,0,10.199999999988108
32,SIMPLE_RAN_APP_1,1,11,2166.6120805501087,0,10.199999999988108
60,SIMPLE_RAN_APP_15,15,10,474.5955762161554,0,10.599999999988086
52,SIMPLE_RAN_APP_11,11,11,1111.259777623107,0,10.799999999988074
84,SIMPLE_RAN_APP_27,27,12,1050.9407972739073,0,11.199999999988052
44,SIMPLE_RAN_APP_7,7,12,975.0218979632399,0,11.39999999998804
36,SIMPLE_RAN_APP_3,3,13,1500.9376355655534,0,11.799999999988017
54,SIMPLE_RAN_APP_12,12,12,1362.47705678345,0,12.199999999987995
40,SIMPLE_RAN_APP_5,5,10,544.8759007307565,0,12.199999999987995
48,SIMPLE_RAN_APP_9,9,14,777.1099508179574,0,12.99999999998795
46,SIMPLE_RAN_APP_8,8,13,1942.3448591931353,0,13.999999999987892
88,SIMPLE_RAN_APP_29,29,14,829.5421172502172,0,13.999999999987892
33,SIMPLE_RAN_APP_1,1,18,2166.6120805501087,0,14.199999999987881
37,SIMPLE_RAN_APP_3,3,24,1500.9376355655534,0,14.199999999987881
41,SIMPLE_RAN_APP_5,5,30,544.8759007307565,0,14.199999999987881
45,SIMPLE_RAN_APP_7,7,36,975.0218979632399,0,14.199999999987881
49,SIMPLE_RAN_APP_9,9,42,777.1099508179574,0,14.199999999987881
53,SIMPLE_RAN_APP_11,11,48,1111.259777623107,0,14.199999999987881
61,SIMPLE_RAN_APP_15,15,60,474.5955762161554,0,14.199999999987881
85,SIMPLE_RAN_APP_27,27,96,1050.9407972739073,0,14.199999999987881
62,SIMPLE_RAN_APP_16,16,11,2763.3539937106625,0,14.999999999987836
50,SIMPLE_RAN_APP_10,10,10,2107.8431507018386,0,14.999999999987836
58,SIMPLE_RAN_APP_14,14,14,4380.206181544956,0,15.79999999998779
70,SIMPLE_RAN_APP_20,20,10,3142.039906635977,0,15.999999999987779
66,SIMPLE_RAN_APP_18,18,13,3410.1720997102066,0,16.799999999987733
42,SIMPLE_RAN_APP_6,6,11,2242.9141223942756,0,16.999999999987722
34,SIMPLE_RAN_APP_2,2,12,2371.5312071052304,0,17.999999999987665
68,SIMPLE_RAN_APP_19,19,14,2497.8916049183526,0,17.999999999987665
43,SIMPLE_RAN_APP_6,6,33,2242.9141223942756,0,18.199999999987654
47,SIMPLE_RAN_APP_8,8,39,1942.3448591931353,0,18.199999999987654
59,SIMPLE_RAN_APP_14,14,57,4380.206181544956,0,18.199999999987654
63,SIMPLE_RAN_APP_16,16,63,2763.3539937106625,0,18.199999999987654
67,SIMPLE_RAN_APP_18,18,69,3410.1720997102066,0,18.199999999987654
71,SIMPLE_RAN_APP_20,20,75,3142.039906635977,0,18.199999999987654
89,SIMPLE_RAN_APP_29,29,102,829.5421172502172,0,18.199999999987654
56,SIMPLE_RAN_APP_13,13,13,2311.933234682206,0,20.599999999987517
35,SIMPLE_RAN_APP_2,2,21,2371.5312071052304,0,22.199999999987426
51,SIMPLE_RAN_APP_10,10,45,2107.8431507018386,0,22.199999999987426
55,SIMPLE_RAN_APP_12,12,51,1362.47705678345,0,22.199999999987426
57,SIMPLE_RAN_APP_13,13,54,2311.933234682206,0,22.199999999987426
69,SIMPLE_RAN_APP_19,19,72,2497.8916049183526,0,22.199999999987426
76,SIMPLE_RAN_APP_23,23,13,1202.0473769863002,0,7.799999999985403
77,SIMPLE_RAN_APP_23,23,84,1202.0473769863002,0,8.19999999998538
80,SIMPLE_RAN_APP_25,25,10,2149.8548975360454,0,9.799999999985289
32,SIMPLE_RAN_APP_1,1,11,2166.6120805501087,0,10.199999999985266
60,SIMPLE_RAN_APP_15,15,10,474.5955762161554,0,10.599999999985243
52,SIMPLE_RAN_APP_11,11,11,1111.259777623107,0,10.799999999985232
84,SIMPLE_RAN_APP_27,27,12,1050.9407972739073,0,11.19999999998521
44,SIMPLE_RAN_APP_7,7,12,975.0218979632399,0,11.399999999985198
36,SIMPLE_RAN_APP_3,3,13,1500.9376355655534,0,11.799999999985175
33,SIMPLE_RAN_APP_1,1,18,2166.6120805501087,0,12.199999999985152
37,SIMPLE_RAN_APP_3,3,24,1500.9376355655534,0,12.199999999985152
45,SIMPLE_RAN_APP_7,7,36,975.0218979632399,0,12.199999999985152
53,SIMPLE_RAN_APP_11,11,48,1111.259777623107,0,12.199999999985152
61,SIMPLE_RAN_APP_15,15,60,474.5955762161554,0,12.199999999985152
81,SIMPLE_RAN_APP_25,25,90,2149.8548975360454,0,12.199999999985152
85,SIMPLE_RAN_APP_27,27,96,1050.9407972739073,0,12.199999999985152
54,SIMPLE_RAN_APP_12,12,12,1362.47705678345,0,12.199999999985152
40,SIMPLE_RAN_APP_5,5,10,544.8759007307565,0,12.199999999985152
48,SIMPLE_RAN_APP_9,9,14,777.1099508179574,0,12.999999999985107
46,SIMPLE_RAN_APP_8,8,13,1942.3448591931353,0,13.99999999998505
88,SIMPLE_RAN_APP_29,29,14,829.5421172502172,0,13.99999999998505
62,SIMPLE_RAN_APP_16,16,11,2763.3539937106625,0,14.999999999984993
50,SIMPLE_RAN_APP_10,10,10,2107.8431507018386,0,14.999999999984993
58,SIMPLE_RAN_APP_14,14,14,4380.206181544956,0,15.799999999984948
70,SIMPLE_RAN_APP_20,20,10,3142.039906635977,0,15.999999999984936
41,SIMPLE_RAN_APP_5,5,30,544.8759007307565,0,16.199999999984925
47,SIMPLE_RAN_APP_8,8,39,1942.3448591931353,0,16.199999999984925
55,SIMPLE_RAN_APP_12,12,51,1362.47705678345,0,16.199999999984925
59,SIMPLE_RAN_APP_14,14,57,4380.206181544956,0,16.199999999984925
63,SIMPLE_RAN_APP_16,16,63,2763.3539937106625,0,16.199999999984925
89,SIMPLE_RAN_APP_29,29,102,829.5421172502172,0,16.199999999984925
66,SIMPLE_RAN_APP_18,18,13,3410.1720997102066,0,16.79999999998489
42,SIMPLE_RAN_APP_6,6,11,2242.9141223942756,0,16.99999999998488
34,SIMPLE_RAN_APP_2,2,12,2371.5312071052304,0,17.999999999984823
68,SIMPLE_RAN_APP_19,19,14,2497.8916049183526,0,17.999999999984823
35,SIMPLE_RAN_APP_2,2,21,2371.5312071052304,0,20.199999999984698
43,SIMPLE_RAN_APP_6,6,33,2242.9141223942756,0,20.199999999984698
49,SIMPLE_RAN_APP_9,9,42,777.1099508179574,0,20.199999999984698
51,SIMPLE_RAN_APP_10,10,45,2107.8431507018386,0,20.199999999984698
67,SIMPLE_RAN_APP_18,18,69,3410.1720997102066,0,20.199999999984698
69,SIMPLE_RAN_APP_19,19,72,2497.8916049183526,0,20.199999999984698
71,SIMPLE_RAN_APP_20,20,75,3142.039906635977,0,20.199999999984698
56,SIMPLE_RAN_APP_13,13,13,2311.933234682206,0,20.599999999984675
57,SIMPLE_RAN_APP_13,13,54,2311.933234682206,0,24.19999999998447
76,SIMPLE_RAN_APP_23,23,13,1202.0473769863002,0.0,7.79999999998256
80,SIMPLE_RAN_APP_25,25,10,2149.8548975360454,0,9.799999999982447
77,SIMPLE_RAN_APP_23,23,84,1202.0473769863002,0.0,10.199999999982424
81,SIMPLE_RAN_APP_25,25,90,2149.8548975360454,0,10.199999999982424
32,SIMPLE_RAN_APP_1,1,11,2166.6120805501087,0,10.199999999982424
60,SIMPLE_RAN_APP_15,15,10,474.5955762161554,0,10.599999999982401
52,SIMPLE_RAN_APP_11,11,11,1111.259777623107,0,10.79999999998239
84,SIMPLE_RAN_APP_27,27,12,1050.9407972739073,0,11.199999999982367
44,SIMPLE_RAN_APP_7,7,12,975.0218979632399,0,11.399999999982356
36,SIMPLE_RAN_APP_3,3,13,1500.9376355655534,0,11.799999999982333
54,SIMPLE_RAN_APP_12,12,12,1362.47705678345,0,12.19999999998231
40,SIMPLE_RAN_APP_5,5,10,544.8759007307565,0,12.19999999998231
48,SIMPLE_RAN_APP_9,9,14,777.1099508179574,0,12.999999999982265
46,SIMPLE_RAN_APP_8,8,13,1942.3448591931353,0,13.999999999982208
88,SIMPLE_RAN_APP_29,29,14,829.5421172502172,0,13.999999999982208
33,SIMPLE_RAN_APP_1,1,18,2166.6120805501087,0,14.199999999982197
37,SIMPLE_RAN_APP_3,3,24,1500.9376355655534,0,14.199999999982197
41,SIMPLE_RAN_APP_5,5,30,544.8759007307565,0,14.199999999982197
45,SIMPLE_RAN_APP_7,7,36,975.0218979632399,0,14.199999999982197
49,SIMPLE_RAN_APP_9,9,42,777.1099508179574,0,14.199999999982197
53,SIMPLE_RAN_APP_11,11,48,1111.259777623107,0,14.199999999982197
55,SIMPLE_RAN_APP_12,12,51,1362.47705678345,0,14.199999999982197
61,SIMPLE_RAN_APP_15,15,60,474.5955762161554,0,14.199999999982197
85,SIMPLE_RAN_APP_27,27,96,1050.9407972739073,0,14.199999999982197
62,SIMPLE_RAN_APP_16,16,11,2763.3539937106625,0,14.999999999982151
50,SIMPLE_RAN_APP_10,10,10,2107.8431507018386,0,14.999999999982151
58,SIMPLE_RAN_APP_14,14,14,4380.206181544956,0,15.799999999982106
70,SIMPLE_RAN_APP_20,20,10,3142.039906635977,0,15.999999999982094
66,SIMPLE_RAN_APP_18,18,13,3410.1720997102066,0.0,16.79999999998205
42,SIMPLE_RAN_APP_6,6,11,2242.9141223942756,0,16.999999999982037
34,SIMPLE_RAN_APP_2,2,12,2371.5312071052304,0,17.99999999998198
68,SIMPLE_RAN_APP_19,19,14,2497.8916049183526,0,17.99999999998198
43,SIMPLE_RAN_APP_6,6,33,2242.9141223942756,0,18.19999999998197
47,SIMPLE_RAN_APP_8,8,39,1942.3448591931353,0,18.19999999998197
51,SIMPLE_RAN_APP_10,10,45,2107.8431507018386,0,18.19999999998197
59,SIMPLE_RAN_APP_14,14,57,4380.206181544956,0,18.19999999998197
63,SIMPLE_RAN_APP_16,16,63,2763.3539937106625,0,18.19999999998197
67,SIMPLE_RAN_APP_18,18,69,3410.1720997102066,0.0,18.19999999998197
71,SIMPLE_RAN_APP_20,20,75,3142.039906635977,0,18.19999999998197
89,SIMPLE_RAN_APP_29,29,102,829.5421172502172,0,18.19999999998197
56,SIMPLE_RAN_APP_13,13,13,2311.933234682206,0,20.599999999981833
35,SIMPLE_RAN_APP_2,2,21,2371.5312071052304,0,22.199999999981742
57,SIMPLE_RAN_APP_13,13,54,2311.933234682206,0,22.199999999981742
69,SIMPLE_RAN_APP_19,19,72,2497.8916049183526,0,22.199999999981742
